{"val_loss": 0.13785293698310852, "_runtime": 687.4508678913116, "train_loss": 0.14030645688374838, "_timestamp": 1587240093.000278, "_step": 249, "epoch": 249}
