{"_step": 481, "epoch": 481, "_runtime": 396.92104029655457, "train_loss": 0.11446175227562587, "val_loss": 0.11906945606072744, "_timestamp": 1586861618.941687}
