{"_timestamp": 1586860676.596013, "_step": 443, "train_loss": 0.10948799269066917, "_runtime": 868.5258569717407, "val_loss": 0.10552773873011272, "epoch": 443}
