{"graph": {"path": "media/graph/graph_summary_1d548495.graph.json", "size": 566, "_type": "graph-file", "sha256": "1d5484959f6a25b99fcad9f8c85012812c5c93c006d57408bb7cf119aaa9b888"}, "epoch": 999, "_step": 999, "_timestamp": 1586595411.075614, "mae": 0.05228120461106301, "val_loss": 0.016950124874711037, "val_mae": 0.06378663331270218, "_runtime": 183.61743688583377, "loss": 0.01116546142535905, "val_mse": 0.016950124874711037, "mse": 0.011165461502969263, "best_val_loss": 0.015340715646743774, "best_epoch": 829}
