{"train_loss": 0.08608396980497572, "_timestamp": 1586862634.44385, "_runtime": 305.7755889892578, "epoch": 391, "_step": 391, "val_loss": 0.09809490193923315}
