{"_step": 347, "val_loss": 0.13331067462762197, "_runtime": 438.9273478984833, "epoch": 347, "train_loss": 0.14769511222839354, "_timestamp": 1586862069.907747}
