{"_runtime": 288.0421679019928, "_step": 483, "val_loss": 0.13498778541882833, "epoch": 483, "_timestamp": 1586862936.408999, "train_loss": 0.13953993684715696}
