{"_step": 345, "val_loss": 0.1465282658735911, "_runtime": 634.6320469379425, "_timestamp": 1586859496.010847, "epoch": 345, "train_loss": 0.14989332490497165}
