{"train_loss": 0.13718995998303096, "val_loss": 0.12188102056582768, "_timestamp": 1586861208.690526, "epoch": 309, "_step": 309, "_runtime": 291.14860486984253}
