{"val_loss": 0.1496953586737315, "train_loss": 0.1514214343494839, "_timestamp": 1587155087.799097, "_runtime": 284.54014110565186, "epoch": 99, "_step": 99}
