{"train_loss": 0.09332347164551417, "_timestamp": 1586859795.076997, "val_loss": 0.09311217218637466, "epoch": 433, "_runtime": 291.6166160106659, "_step": 433}
