{"val_loss": 0.12357302010059357, "train_loss": 0.11210340178675121, "epoch": 224, "_runtime": 222.03202176094055, "_step": 224, "_timestamp": 1586860908.383323}
