{"val_loss": 0.4521838426589966, "_runtime": 21.370145082473755, "epoch": 9, "_step": 9, "_timestamp": 1586857284.238136, "train_loss": 0.4407498915990194}
