{"epoch": 153, "_step": 153, "val_loss": 0.12019228935241699, "_timestamp": 1586858477.1912131, "_runtime": 185.63841009140015, "train_loss": 0.11991393715143203}
