{"epoch": 193, "_runtime": 128.3390531539917, "val_loss": 0.12603303094704946, "train_loss": 0.14514304631286198, "_timestamp": 1586863075.850635, "_step": 193}
