{"_step": 99, "epoch": 99, "_runtime": 287.8508098125458, "train_loss": 0.11433043993181652, "val_loss": 0.10442202836275101, "_timestamp": 1587158824.9002519}
