{"_step": 359, "val_loss": 0.09444266160329183, "_timestamp": 1586862315.994847, "epoch": 359, "_runtime": 234.10478401184082, "train_loss": 0.07231951653957366}
