{"epoch": 475, "_runtime": 511.359249830246, "val_loss": 0.12127695182959239, "train_loss": 0.1370377383298344, "_timestamp": 1586863596.287505, "_step": 475}
